{
    "lastforged": 993341184.2635864,
    "lastpayout": 1526859003,
    "accounts": {
        "BRbUBDzHgpEzC6d9rBPjw52oo1wgpKNisR": {
            "received": 0.77763435,
            "pending": 0.15600581
        }
    },  
    "donations": {}
}